타임스탬프,이름을 입력해주세요,올해 '나 이건 잘했어요' 자랑하고 싶은 장면은?,감사인사 전하고 싶은 동료와 그 이유를 한 줄로,2-1에 대해 내가 썼는지 공개해도 되나요?,내년에 우리가 바꿨으면 하는 한 가지는?
2026/12/11 6:12:03 오후,김지훈,"검사 이미지 라벨링 기준을 다시 잡아서 오탐률을 절반으로 줄인 날. 3주 동안 기준서만 다섯 번 고쳐 썼는데, 결국 현장에서 '이제 믿고 쓴다'는 말을 들었습니다.","박서연 님. 제가 놓친 엣지 케이스를 리뷰마다 짚어주셔서 모델이 현장에서 버틸 수 있었습니다.",네,"스프린트 중간에 요구사항이 바뀔 때 합의하는 절차가 있었으면 합니다. 지금은 말로만 정해지고 나중에 서로 다르게 기억해요."
2026/12/11 6:13:41 오후,박서연,"학습 파이프라인을 재현 가능하게 정리한 것. 예전엔 결과가 왜 달라졌는지 아무도 몰랐는데, 이제 커밋만 보면 추적됩니다.","이준호 님이 새벽 배포 장애를 혼자 붙잡고 끝까지 복구해주신 것, 다들 아셔야 합니다.",네,"회의 수를 줄이고 문서로 대체하고 싶습니다. 하루에 세 번 같은 얘기를 합니다."
2026/12/11 6:14:22 오후,이준호,"수율 예측 모델을 실제 라인에 처음 올린 순간. 숫자가 맞아떨어졌을 때 소름이 돋았습니다.","최민서 님. 데이터 전처리를 묵묵히 맡아주셔서 저는 모델에만 집중할 수 있었어요.",아니요,"온콜 순번을 공평하게 나눴으면 합니다."
2026/12/11 6:15:09 오후,최민서,"지저분한 로그 데이터를 6개월치 정리해서 학습에 쓸 수 있게 만든 일. 아무도 안 보는 작업이지만 이게 없으면 아무것도 안 됩니다.","정다은 님께 감사합니다. 제가 번아웃 직전일 때 먼저 알아보고 일을 나눠 가져가 주셨습니다.",네,"신규 입사자 온보딩 문서를 제대로 만들고 싶습니다. 매번 구두로 설명하느라 같은 질문을 스무 번 받습니다."
2026/12/11 6:16:30 오후,정다은,"고객사 기술 미팅에서 우리 모델 한계를 솔직하게 설명하고도 신뢰를 얻은 것. 과장하지 않는 게 결국 통했습니다.","강태윤 님. 발표 자료를 밤새 같이 다듬어 주셨습니다.",네,"실패한 실험도 기록으로 남기는 문화가 필요합니다. 같은 삽질을 두 번 합니다."
2026/12/11 6:17:12 오후,강태윤,"검사 장비 인터페이스 문서가 없어서 리버스 엔지니어링으로 규격을 복원한 것. 두 달 걸렸습니다.","박서연 님이 제 코드 리뷰를 항상 가장 먼저, 가장 꼼꼼하게 해주십니다.",아니요,"코드 리뷰 대기 시간을 줄이고 싶습니다."
2026/12/11 6:18:45 오후,조현우,"팀 내 모델 서빙 표준을 만들어서 배포 시간을 이틀에서 20분으로 줄인 것.","윤세라 님. 제가 놓친 보안 이슈를 배포 직전에 잡아주셨습니다. 그날 야근하게 해드려 죄송하고 고맙습니다.",네,"기술 부채를 갚는 시간을 스프린트에 공식적으로 넣었으면 합니다."
2026/12/11 6:19:33 오후,윤세라,"데이터 접근 권한 체계를 정리한 일. 재미없는 일이지만 감사 대응이 한결 편해졌습니다.","박서연 님께. 제가 처음 팀에 왔을 때 아무것도 모르는 질문에 한 번도 귀찮은 티를 안 내셨습니다.",네,"업무 우선순위를 분기 단위로 한 번은 다 같이 다시 정렬했으면 합니다."
2026/12/11 6:20:51 오후,임도현,"3년 된 레거시 배치를 걷어내고 스트리밍으로 갈아엎은 것. 무서웠지만 결과적으로 장애가 줄었습니다.","이준호 님. 회의에서 아무도 말 안 할 때 항상 먼저 의견을 내주셔서 논의가 굴러갑니다.",아니요,"회의에 안건 없이 들어오는 일이 없었으면 합니다."
2026/12/11 6:21:40 오후,한지민,"불량 유형 분류 체계를 현업과 같이 다시 정의한 것. 우리끼리 정하지 않은 게 핵심이었습니다.","오승준 님이 제 첫 발표 때 리허설을 세 번이나 봐주셨습니다.",네,"현업과의 정기 소통 채널이 한 개는 있었으면 합니다."
2026/12/11 6:22:18 오후,오승준,"모니터링 대시보드를 만들어서 이상 징후를 사람이 아니라 알림이 먼저 찾게 한 것.","박서연 님. 제가 만든 대시보드를 실제로 매일 보고 피드백을 주신 유일한 분입니다.",네,"알림 피로도를 줄이고 싶습니다. 중요한 알림이 묻힙니다."
2026/12/11 6:23:02 오후,신예린,,"배성호 님께 감사드립니다. 제가 육아휴직 복귀했을 때 업무를 천천히 넘겨주셨습니다.",아니요,"유연근무를 실제로 쓸 수 있는 분위기가 됐으면 합니다."
2026/12/11 6:24:37 오후,배성호,"공정 엔지니어분들과 매주 30분씩 만나면서 우리가 뭘 모르는지 알게 된 것. 모델보다 이게 더 중요했습니다.","문가영 님, 서동현 님. 제가 만든 지저분한 프로토타입을 제품 수준으로 다듬어 주셨습니다.",네,"PoC와 제품화 사이의 기준을 명확히 했으면 합니다."
2026/12/11 6:25:14 오후,문가영,"프론트 리팩터링으로 첫 화면 로딩을 4초에서 1초로 줄인 것.","서동현 님이 디자인 시스템을 혼자 다 만들어 두셔서 제가 화면을 빨리 찍어낼 수 있었습니다.",네,"디자인 리뷰를 개발 시작 전에 했으면 합니다."
2026/12/11 6:26:55 오후,서동현,"디자인 시스템 컴포넌트를 32개로 정리한 것. 이제 새 화면이 하루면 나옵니다.","이준호 님. 제가 만든 컴포넌트에 접근성 이슈를 꾸준히 제보해 주셨습니다.",아니요,"사용자 인터뷰를 분기에 한 번이라도 정기적으로 했으면 합니다."
2026/12/11 6:27:33 오후,황수빈,"QA 자동화로 회귀 테스트를 이틀에서 40분으로 줄인 것.","안현서 님. 일정이 빠듯할 때도 QA 시간을 지켜 주셔서 품질이 유지됐습니다.",네,"릴리스 전 테스트 기간을 일정에 미리 넣었으면 합니다."
2026/12/11 6:28:49 오후,안현서,"분기 목표를 팀원들과 1:1로 다 맞춘 것. 시간은 오래 걸렸지만 방향이 흔들리지 않았습니다.","유재원 님. 제가 자리를 비운 2주 동안 팀이 멈추지 않도록 다 챙겨주셨습니다. 그리고 노은지 님, 어려운 얘기를 솔직하게 해주셔서 고맙습니다.",네,"의사결정 근거를 남기는 습관을 들였으면 합니다. 왜 그렇게 정했는지 3개월 뒤엔 아무도 기억 못 합니다."
2026/12/11 6:29:21 오후,유재원,"장애 대응 절차를 문서화하고 훈련까지 돌린 것. 실제 장애 때 당황한 사람이 없었습니다.","노은지 님이 신입 멘토링을 자발적으로 맡아주셨습니다.",아니요,"온콜 보상 체계를 손봤으면 합니다."
2026/12/11 6:30:08 오후,노은지,"신입 두 명을 3개월 만에 독립적으로 일하게 만든 것. 제가 한 일 중 제일 뿌듯합니다.","곽민철 님. 제가 물어보는 인프라 질문에 한 번도 대충 답한 적이 없으십니다.",네,"멘토링에 쓰는 시간을 업무로 인정해 줬으면 합니다."
2026/12/11 6:31:44 오후,곽민철,"쿠버네티스 클러스터 비용을 40% 줄이면서 성능은 유지한 것.","최민서 님이 비용 데이터를 매달 정리해 주셔서 어디를 줄일지 알 수 있었습니다.",네,"인프라 변경 사항을 팀에 공유하는 채널을 하나로 모았으면 합니다."
2026/12/11 6:32:19 오후,심나연,"흩어져 있던 지표 정의를 한 문서로 통일한 것. 이제 '그 숫자 어디서 나온 거냐'는 질문이 없습니다.","류시우 님. 제가 만든 지표 정의를 실제 대시보드에 반영해 주셨습니다.",아니요,
2026/12/11 6:33:57 오후,류시우,"데이터 품질 검증을 파이프라인에 넣어서 잘못된 데이터가 학습에 들어가는 걸 막은 것.","이준호 님이 제 휴가 중에 파이프라인 장애를 대신 처리해 주셨습니다.",네,"데이터 오너십을 명확히 했으면 합니다. 지금은 문제가 생기면 서로 쳐다봅니다."
2026/12/11 6:34:26 오후,전하람,"고객사 요구사항을 기술 스펙으로 번역하는 템플릿을 만든 것. 이제 말이 통합니다.","고은성 님. 제가 이해 못 한 공정 용어를 매번 그림까지 그려 설명해 주셨습니다.",네,"고객사 요청을 받는 창구를 단일화했으면 합니다."
2026/12/11 6:35:11 오후,고은성,"공정 지식을 팀 위키에 40페이지 정리한 것. 다음 사람은 저처럼 헤매지 않았으면 합니다.","박서연 님이 위키 구조를 같이 잡아주셔서 글이 흩어지지 않았습니다.",네,"위키를 읽는 시간을 업무 시간으로 쳐줬으면 합니다."
2026/12/11 6:36:40 오후,백주연,"팀 회고를 격주로 6개월간 한 번도 빠짐없이 돌린 것. 별거 아닌 것 같지만 이게 제일 어려웠습니다.","김지훈 님. 회고에서 나온 얘기를 실제로 하나씩 고쳐주셨습니다. 말만 하고 끝나지 않게 해주셨어요.",네,"회고에서 정한 개선 사항의 담당자와 기한을 정했으면 합니다."
